{"hegic_price": 0.26427, "zlot_price": 826.46, "hegic_staked": 20424000.0, "lots_purchased": 22, "hegic_zhegic_ratio": 1059769671825233286, "tvl": 5397450.48, "apy": 58.50671569523334, "apw": 1.1251291479852563, "apd": 0.16018265761870865}